,channel_id
0,_tseries_
1,UCX6OQ3DkcsbYNE6H8uQQuVA
2,UClgRkhTL3_hImCAmdLfDE4g
3,cocomelon_
4,set_india__
5,kids_diana_show
6,UC-9-kyTW8ZkZNDHQJ6FgpwQ
7,vlad_and_niki
8,UCJplp5SjeGSdVdwsfb9Q7lQ
9,UC-lHJZR3Gqxm24_Vd_AJ5Yw
10,UCFFbwnve3yF62-tVXkTyHqg
11,wwe_
12,goldmines_telefilms
13,blackpinkofficial
14,UCOpNcN46UbXVtpKMrmU4Abg
15,sonysab
16,chuchutv__
17,5minutecrafts_youtube
18,pinkfong_
19,UCppHT7SZKKvar4Oc9J4oljQ
20,bangtan_tv
21,UCEgdi0XIXXZ-qJOFPf4JSKw
22,hybelabels
23,_justinbieber
24,colorstv
25,filmigaane
26,tseriesbhakti_sagar
27,kondzilla
28,tips_official
29,elreinoinfantil
30,aaj_tak
31,bhojpuriwave
32,infobellshindirhymes
33,movieclips
34,dudeperfect
35,sonymusicindia
36,eminem
37,yrf
38,taylor_swift
39,marshmellomusic
40,loolookids_
41,billionsurprisetoys_nurseryrhymes
42,UCgFXm4TI8htWmCyJ6cVPG_A
43,ed_sheeran
44,arianagrande
45,a4a4a4a4
46,UCrnQFuUabBHaw-BRhPo8xEA
47,shemaroo
48,harpalgeoofficial
49,arydigitalasia
50,getmovies
51,UC3MLnJtqc_phABBriLRhtgQ
52,juega_german
53,markrober
54,billieeilish
55,mikecrack_
56,jess_nolimit
57,yoloaventurasserie
58,mashamedvedtv
59,badbunnypr_
60,vootkids
61,abscbn_entertainment
62,mashabearen
63,badabun_oficial
64,UCV4xOVpbcV8SdueDCOxLXtQ
65,UCoQm-PeHC-cbJclKJYJ8LzA
66,UC6gVx_vALsYT-z_u1djJbBQ
67,felipe_neto
68,shakira
69,vcsabiavideos
70,klbrobijurithvik1
71,alan_walkermusic
72,katy_perry
73,kimberlyloaiza_
74,ishtarmusic
75,brightside_official
76,ricisofficial1795
77,whindersson
78,shri_prashant
79,UCZJ7m7EnCNodqnu5SAtg8eQ
80,speed_records
81,UCQ7x25F6YXY9DvGeHFxLhRQ
82,UCS94J1s6-qc8v7btCdS2pNg
83,UCIPPMRA040LQr5QPyJEbmXA
84,luccas_neto
85,UCcgqSM4YEo5vVQpqwN-MaNw
86,UCw7xjxzbMwgBSmbeYwqYRMg
87,luisito_comunica
88,fafanice12
89,addicteda1
90,stokestwins
91,supersimplesongs
92,gaanesuneansune
93,alanchikinchow
94,abp_news
95,UC-LPIU24bQXVljUXivKEeRQ
96,totalgaming093
97,maria_clara_e_jp
98,little_baby_bum
99,workpointofficial
